{
  "cnn_vs_random_forest": {
    "auc_model_1": 0.7421553884711782,
    "auc_model_2": 0.939899749373434,
    "auc_diff": -0.19774436090225578,
    "z_stat": -5.441749340887597,
    "p_value": 5.275987925799588e-08
  },
  "resnet18_vs_random_forest": {
    "auc_model_1": 0.7421553884711782,
    "auc_model_2": 0.939899749373434,
    "auc_diff": -0.19774436090225578,
    "z_stat": -5.441749340887597,
    "p_value": 5.275987925799588e-08
  }
}