model,train_time_sec,peak_memory_mb,used_pretrained_weights
logistic_regression,0.09170260000246344,0.5904064178466797,
random_forest,3.340214299998479,0.7552757263183594,
cnn,9.609560199998668,0.07792472839355469,
resnet18_transfer,13.132873500006099,0.0579681396484375,False
