model,nested_cv_auc_mean,nested_cv_auc_std
logistic_regression,0.9102253707957196,0.01595367126615682
random_forest,0.9062653570856257,0.017466664184895144
