model,train_time_sec,peak_memory_mb,used_pretrained_weights
logistic_regression,0.08403110000654124,379.13671875,NA
random_forest,1.1682804999873042,316.67578125,NA
cnn_scratch,42.03051890002098,858.36328125,False
resnet18_scratch,313.28869079999276,2000.62109375,False
resnet18_pretrained,225.97379429999273,1976.46875,True
