feature,kruskal_h,kruskal_p,spearman_rho_vs_concentration,spearman_p
mean_intensity,816.4739323333514,1.4048158859172042e-162,-0.21950902960887594,6.564403605075235e-19
total_intensity,816.4739323333514,1.4048158859172042e-162,-0.21950902960887594,6.564403605075235e-19
spot_count,943.3747508435395,1.1506264860696776e-189,-0.13082319418596594,1.5092978324637748e-07
density_spots_per_10k_px,943.3747508435395,1.1506264860696776e-189,-0.13082319418596594,1.5092978324637748e-07
area_covered_ratio,914.4212906285778,1.7651646883691028e-183,-0.1666696572034669,1.9656720654281505e-11
spot_area_std,252.68122029111692,5.911530211190419e-44,-0.14709589916117924,3.3917084682452654e-09
