model,ece
logistic_regression,0.06597957410016685
random_forest,0.09240404040404043
cnn_scratch,0.08037929932276407
resnet18_scratch,0.6508284162391316
resnet18_pretrained,0.04217175498153223
