model,nested_cv_auc_mean,nested_cv_auc_std
logistic_regression,0.897560704262486,0.018344008587129073
random_forest,0.9067061756695501,0.014771503193895422
