model,accuracy,roc_auc_macro_ovr,ece,auc_Actin disruptors,auc_Aurora kinase inhibitors,auc_DMSO,auc_DNA damage,auc_DNA replication,auc_Eg5 inhibitors,auc_Microtubule destabilizers,auc_Microtubule stabilizers,auc_Protein degradation,auc_Protein synthesis,acc_ci_low,acc_ci_high,auc_ci_low,auc_ci_high,ece_ci_low,ece_ci_high
logistic_regression,0.6,0.8989712297468803,0.06597957410016685,0.894880174291939,0.9520025429116339,0.9372650375939849,0.9743589743589743,0.9570552147239263,0.9236883942766296,0.8260869565217391,0.900610902255639,0.7341935483870968,0.8895705521472393,0.5212121212121212,0.6759090909090908,,,0.04938570251404485,0.14888986215093822
random_forest,0.5878787878787879,0.9238569195442643,0.09240404040404043,0.9000544662309368,0.9469167196439925,0.9014332706766918,0.9757834757834758,0.9294478527607362,0.9085850556438791,0.8735909822866343,0.9082471804511278,0.9006451612903226,0.9938650306748467,0.524090909090909,0.6637878787878786,,,0.06683939393939399,0.181423569023569
cnn_scratch,0.40606060606060607,0.7719935043016977,0.08302658200263976,0.7630718954248366,0.8232676414494597,0.8451597744360901,0.7542735042735043,0.8312883435582823,0.8012718600953896,0.738593666129898,0.8512687969924813,0.5141935483870967,0.7975460122699387,0.3333333333333333,0.4759090909090907,,,0.04314746459776706,0.15626618089097907
resnet18_scratch,0.2727272727272727,0.7047916303267926,0.5802334156903353,0.8507625272331154,0.9755244755244755,0.32377819548872183,0.16452991452991453,0.9754601226993864,0.6597774244833068,0.8913043478260869,0.90671992481203,0.7387096774193549,0.5613496932515337,0.20893939393939395,0.34545454545454546,,,0.5165238403686971,0.6539672810290797
resnet18_pretrained,0.9393939393939394,0.9952864174105646,0.03360524611039598,1.0,1.0,0.9894266917293233,1.0,0.9907975460122699,0.9976152623211447,0.9847020933977456,1.0,0.9903225806451613,1.0,0.9030303030303031,0.9696969696969697,,,0.0213391231768059,0.07362631864619976
