model,train_time_sec,peak_memory_mb,used_pretrained_weights
logistic_regression,0.0801047999993898,417.4609375,NA
random_forest,2.802348899989738,440.1796875,NA
cnn_scratch,66.30985200000578,1350.171875,False
resnet18_scratch,496.88173009999446,2406.59765625,False
resnet18_pretrained,213.29925989998446,2375.81640625,True
