{
  "cnn_scratch_vs_random_forest": {
    "auc_model_1": 0.786482878437737,
    "auc_model_2": 0.9238569195442643,
    "auc_diff": -0.1373740411065273,
    "z_stat": -7.774390633224842,
    "p_value": 7.581145630970794e-15
  },
  "resnet18_pretrained_vs_random_forest": {
    "auc_model_1": 0.9957835264591335,
    "auc_model_2": 0.9238569195442643,
    "auc_diff": 0.07192660691486918,
    "z_stat": 7.474215835897078,
    "p_value": 7.766557833691558e-14
  }
}