model,ece
logistic_regression,0.06597957410016685
random_forest,0.09240404040404043
cnn_scratch,0.08302658200263976
resnet18_scratch,0.5802334156903353
resnet18_pretrained,0.03360524611039598
