model,accuracy,roc_auc,class_GroupA_auc,class_GroupB_auc
logistic_regression,0.89375,0.9231077694235589,0.9231077694235589,0.9231077694235589
random_forest,0.915625,0.9398997493734336,0.9398997493734336,0.9398997493734336
cnn,0.890625,0.742155388471178,0.7421553884711779,0.742155388471178
resnet18_transfer,0.890625,0.742155388471178,0.7421553884711779,0.742155388471178
