feature,kruskal_h,kruskal_p,spearman_rho_vs_concentration,spearman_p
mean_intensity,587.289998063553,1.1182058216451127e-120,-0.21611300075297424,3.647431149934519e-10
total_intensity,587.289998063553,1.1182058216451127e-120,-0.21611300075297424,3.647431149934519e-10
area_covered_ratio,468.0401500771957,3.977685208391382e-95,-0.21799430568525385,2.5433977077898445e-10
spot_count,503.222719833438,1.1736686727295294e-102,-0.19634996459721155,1.322293308738611e-08
density_spots_per_10k_px,503.222719833438,1.1736686727295294e-102,-0.19634996459721155,1.322293308738611e-08
intensity_variance,120.56397548919676,1.0242359812548249e-21,-0.007155232170971022,0.8375060046460643
