model,ece
logistic_regression,0.03963095621890951
random_forest,0.046124999999999985
cnn,0.030130761303007597
resnet18_transfer,0.030130761303007597
