{
  "cnn_scratch_vs_random_forest": {
    "auc_model_1": 0.86178145087236,
    "auc_model_2": 0.9334700540761147,
    "auc_diff": -0.0716886032037547,
    "z_stat": -7.174116321122868,
    "p_value": 7.277571486692782e-13
  },
  "resnet18_pretrained_vs_random_forest": {
    "auc_model_1": 0.9966085093357822,
    "auc_model_2": 0.9334700540761147,
    "auc_diff": 0.06313845525966744,
    "z_stat": 7.779765461859073,
    "p_value": 7.265912692283734e-15
  }
}