{
  "logistic_regression": {
    "accuracy": 0.803030303030303,
    "roc_auc": 0.9171668667466987
  },
  "random_forest": {
    "accuracy": 0.8484848484848485,
    "roc_auc": 0.9147659063625451
  }
}