{
  "cnn_accuracy": 0.8194444444444444,
  "cnn_roc_auc": 0.8768619662363456,
  "n_images": 240,
  "n_train": 134,
  "n_val": 34,
  "n_test": 72,
  "device": "cpu",
  "decision_threshold": 0.25
}