model,accuracy,roc_auc_macro_ovr,ece
cnn_scratch,0.4121212121212121,0.786482878437737,0.08037929932276407
resnet18_scratch,0.18181818181818182,0.6678489628699683,0.6508284162391316
resnet18_pretrained,0.9393939393939394,0.9957835264591335,0.04217175498153223
