model,accuracy,roc_auc
logistic_regression,0.803030303030303,0.9171668667466987
random_forest,0.8484848484848485,0.9147659063625451
cnn,0.8194444444444444,0.8768619662363456
