model,accuracy,roc_auc_macro_ovr,ece
cnn_scratch,0.40606060606060607,0.7719935043016977,0.08302658200263976
resnet18_scratch,0.2727272727272727,0.7047916303267926,0.5802334156903353
resnet18_pretrained,0.9393939393939394,0.9952864174105646,0.03360524611039598
