config_name,mean_spot_count,mean_spot_count,cv_spot_count,cv_spot_count,mean_density,mean_density,mean_area_ratio,mean_area_ratio
,mean,std,mean,std,mean,std,mean,std
conservative,104.89999999999999,49.45635651764089,0.24058189354529572,0.023931798150757893,4.001617431640625,1.8866102797561983,0.18423006693522134,0.0779846209803996
default,112.28666666666668,56.09692445520817,0.2303317873248801,0.03156555730674813,4.283396402994792,2.1399278432925484,0.18835624694824218,0.08140515448342554
sensitive,113.15333333333335,59.39584272769714,0.24171420145764513,0.022036936324293915,4.316457112630208,2.265771588428388,0.17411677042643228,0.07559349007372017
