logistic_accuracy,logistic_roc_auc,rf_accuracy,rf_roc_auc,config_name
0.7555555555555555,0.8353909465020576,0.8888888888888888,0.9547325102880658,sensitive
0.6222222222222222,0.7530864197530864,0.8666666666666667,0.9351851851851852,default
0.6444444444444445,0.6954732510288066,0.8666666666666667,0.926954732510288,conservative
