config_name,n_test,logistic_accuracy,logistic_roc_auc_macro_ovr,rf_accuracy,rf_roc_auc_macro_ovr
sensitive,165,0.5575757575757576,0.8862989341587477,0.5515151515151515,0.9063188143390029
default,165,0.6,0.8989712297468803,0.593939393939394,0.9269927586364636
conservative,165,0.5636363636363636,0.9013738766135555,0.5757575757575758,0.9142704258271109
